<asb>
	<append xpath="/items">
	<item name="foodDonerKebab">
		<property name="DescriptionKey" value="foodDonerKebabDesc"/>
      <!-- New properties -->
      <property name="CustomIcon" value="foodTunaFishGravyToast"/>
      <property name="CustomIconTint" value="973a00"/>
      <property name="TintColor" value="179, 119, 0"/>

      <!-- Existing properties -->
      <property name="Tags" value="food"/>
      <property name="HoldType" value="31"/>
      <property name="DisplayType" value="food"/>
      <property name="Meshfile" value="@:Other/Items/Misc/parcelPrefab.prefab"/>
      <property name="DropMeshfile" value="@:Other/Items/Misc/sack_droppedPrefab.prefab"/>
      <property name="Material" value="Morganic"/>
      <property name="Weight" value="30"/>
      <property name="EconomicValue" value="50"/>
      <property name="Stacknumber" value="10"/>
      <property name="CraftingIngredientTime" value="12"/>
      <property class="Action0">
      <property name="Class" value="Eat"/>
      <property name="Delay" value="1.0"/>
      <property name="Use_time" value="..."/>
      <property name="Sound_start" value="player_eating"/>
	  </property>
      <property name="Group" value="Food/Cooking,CFFood/Cooking"/>
      <effect_group tiered="false" name="Food Tier 2">
		<triggered_effect trigger="onSelfPrimaryActionEnd" action="GiveSkillExp" target="self" skill="attIntellect" experience="400000"/>
      </effect_group>
    </item>
		<item name="TutenkamuStarterBundle">
			<property name="CreativeMode" value="None"/>
			<property name="DescriptionKey" value="TutenkamuStarterBundleDesc"/>
			<property name="ItemTypeIcon" value="bundle"/>
			<property name="CustomIcon" value="cntGarageStorage"/>
			<property name="HoldType" value="45"/>
			<property name="Meshfile" value="@:Other/Items/Misc/sackPrefab.prefab"/>
			<property name="DropMeshfile" value="@:Other/Items/Misc/sack_droppedPrefab.prefab"/>
			<property name="Material" value="Mmetal"/>
			<property name="Stacknumber" value="1"/>
			<property name="Weight" value="0"/>
			<property name="SellableToTrader" value="false"/>
			<property name="Group" value="Special Items"/>
			<property class="Action0">
				<property name="Class" value="OpenBundle"/>
				<property name="Delay" value="0"/>
				<property name="Use_time" value="0"/>
				<property name="Create_item" value="foodDonerKebab,gunBowT3CompoundBow,modArmorHelmetLight,vehicleMotorcyclePlaceable,medicalFirstAidKit,medicalSplint,meleeWpnBladeT1HuntingKnife,meleeToolPickT1IronPickaxe,meleeToolAxeT1IronFireaxe,meleeToolShovelT1IronShovel,drinkJarPureMineralWater,foodSteakAndPotato,gunHandgunT1Pistol,ammo9mmBulletBall,gunShotgunT2PumpShotgun,ammoShotgunShell,ammoGasCan,resourceYuccaFibers,resourceWood,resourceRockSmall,resourceFeather"/>
				<property name="Create_item_count" value="1,1,1,1,5,5,1,1,1,1,5,5,1,100,1,100,5000,5000,100,80,100"/>
			</property>
		</item>
	</append>
</asb>